Name,Question,Student Answer,Score,Feedback,Timestamp
korvah Harper Tarnue,What does a loop do?,Loop is food,10.96,❌ Needs Improvement. Please review the topic and try again.,2025-07-28 17:15:15
Anonymous,What is a function in programming?,"is programming language 
",10.37,❌ Needs Improvement. Please review the topic and try again.,2025-07-28 17:17:35
Anonymous,What is a variable in programming?,"korvah 
",0.0,❌ Needs Improvement. Please review the topic and try again.,2025-07-29 14:11:03
Ben Door,What is a variable in programming?,Food,0.0,❌ Needs Improvement. Please review the topic and try again.,2025-07-29 14:18:16
lnlnko,What is a variable in programming?,"hgligigph[
",0.0,❌ Needs Improvement. Please review the topic and try again.,2025-07-30 13:21:23
Korvah ,What is a variable in programming?,Food,0.0,❌ Needs Improvement. Please review the topic and try again.,2025-07-30 13:47:26
